{"cameraMode":{"drawMode":0,"name":"Shaded","section":"Shading Mode"},"sceneLighting":false,"audioPlay":false,"sceneViewState":{"showFog":true,"showMaterialUpdate":true,"showSkybox":false,"showFlares":true,"showImageEffects":true,"showParticleSystems":true},"in2DMode":false,"pivot":{"x":0.10161188244819641,"y":0.16224980354309083,"z":-0.07942771911621094},"rotation":{"x":0.03260812163352966,"y":0.7367300391197205,"z":-0.035618916153907779,"w":0.6744604706764221},"size":0.5857340097427368,"orthographic":false}