{"cameraMode":{"drawMode":0,"name":"Shaded","section":"Shading Mode"},"sceneLighting":false,"audioPlay":false,"sceneViewState":{"showFog":true,"showMaterialUpdate":true,"showSkybox":false,"showFlares":true,"showImageEffects":true,"showParticleSystems":true},"in2DMode":false,"pivot":{"x":-0.035448431968688968,"y":0.1272255778312683,"z":-0.0318349152803421},"rotation":{"x":0.0685855895280838,"y":-0.6861919164657593,"z":0.06525304913520813,"w":0.721234142780304},"size":0.36269479990005495,"orthographic":false}