{"cameraMode":{"drawMode":0,"name":"Shaded","section":"Shading Mode"},"sceneLighting":false,"audioPlay":false,"sceneViewState":{"showFog":true,"showMaterialUpdate":true,"showSkybox":false,"showFlares":true,"showImageEffects":true,"showParticleSystems":true},"in2DMode":false,"pivot":{"x":0.016508057713508607,"y":0.03601497784256935,"z":-0.03049040213227272},"rotation":{"x":0.0010285890894010664,"y":-0.9836108088493347,"z":-0.00559605099260807,"w":-0.1802150160074234},"size":0.17662101984024049,"orthographic":false}