{"cameraMode":{"drawMode":0,"name":"Shaded","section":"Shading Mode"},"sceneLighting":false,"audioPlay":false,"sceneViewState":{"showFog":true,"showMaterialUpdate":true,"showSkybox":false,"showFlares":true,"showImageEffects":true,"showParticleSystems":true},"in2DMode":false,"pivot":{"x":-0.07569432258605957,"y":0.18287669122219087,"z":-0.0026823803782463075},"rotation":{"x":-0.04923444241285324,"y":-0.23594635725021363,"z":-0.011970576830208302,"w":0.9704442024230957},"size":0.5000878572463989,"orthographic":false}