{"cameraMode":{"drawMode":0,"name":"Shaded","section":"Shading Mode"},"sceneLighting":false,"audioPlay":false,"sceneViewState":{"showFog":true,"showMaterialUpdate":true,"showSkybox":false,"showFlares":true,"showImageEffects":true,"showParticleSystems":true},"in2DMode":false,"pivot":{"x":-0.07314521074295044,"y":0.24379050731658936,"z":0.04463043808937073},"rotation":{"x":0.14340004324913026,"y":0.5821303129196167,"z":-0.1052139401435852,"w":0.7934045791625977},"size":0.7050649523735046,"orthographic":false}