{"cameraMode":{"drawMode":0,"name":"Shaded","section":"Shading Mode"},"sceneLighting":false,"audioPlay":false,"sceneViewState":{"showFog":true,"showMaterialUpdate":true,"showSkybox":false,"showFlares":true,"showImageEffects":true,"showParticleSystems":true},"in2DMode":false,"pivot":{"x":-0.000060439109802246094,"y":0.05114803835749626,"z":0.01175973191857338},"rotation":{"x":-0.05254494026303291,"y":0.09513512998819351,"z":-0.005028350278735161,"w":-0.9940639734268189},"size":0.6004087924957275,"orthographic":false}